[
  {
    "user_id": "1",
    "user_name": "user1",
    "user_display_name": "User 1"
  },
  {
    "user_id": "2",
    "user_name": "user2",
    "user_display_name": "User 2"
  },
  {
    "user_id": "3",
    "user_name": "elonmusk",
    "user_display_name": "Elon Musk"
  },
  {
    "user_id": "4",
    "user_name": "jobs",
    "user_display_name": "Steve Jobs"
  },
  {
    "user_id": "5",
    "user_name": "joe",
    "user_display_name": "Joe"
  },
  {
    "user_id": "6",
    "user_name": "peter",
    "user_display_name": "Peter"
  },
  {
    "user_id": "7",
    "user_name": "lilnas",
    "user_display_name": "Lil Nas"
  },
  {
    "user_id": "8",
    "user_name": "Lukas",
    "user_display_name": "Lukas"
  },
  {
    "user_id": "9",
    "user_name": "Yuri",
    "user_display_name": "Yuri Gagarin"
  },
  {
    "user_id": "10",
    "user_name": "David",
    "user_display_name": "David Dobrik"
  },
  {
    "user_id": "11",
    "user_name": "Logan",
    "user_display_name": "Logan Paul"
  }
]
